POS,FDX1AA,H1,H2,H3,V,P1,P2,SASA,NCI,MASS,avgMutateX.x,avgMutateX.y,Secondary,Iron_Sulfer_Binding,WT_POS,avgMutateX,AVG_scaled_ABC1_5nM_Es_vs_10mM_Glucose_LFC,AVG_scaled_HEK293T_40nM_Es_vs_10mM_Glucose_LFC
2,A,0.62,-0.5,2,27.5,8.1,0.046,1.181,0.007187,71.0788,NA,NA,NA,,A2,NA,0.027006087,0.056872719
3,A,0.62,-0.5,2,27.5,8.1,0.046,1.181,0.007187,71.0788,NA,NA,NA,,A3,NA,0.115355542,0.158466537
4,A,0.62,-0.5,2,27.5,8.1,0.046,1.181,0.007187,71.0788,NA,NA,NA,,A4,NA,-0.016659899,-0.155170834
5,G,0.48,0,2,0,9,0,0.881,0.179052,57.0519,NA,NA,NA,,G5,NA,0.055790806,0.124532504
6,G,0.48,0,2,0,9,0,0.881,0.179052,57.0519,NA,NA,NA,,G6,NA,0.08749958,-0.067858242
7,A,0.62,-0.5,2,27.5,8.1,0.046,1.181,0.007187,71.0788,NA,NA,NA,,A7,NA,0.047428252,0.307774136
8,R,-2.53,3,4,105,10.5,0.18,1.932,0.049211,156.1875,NA,NA,NA,,R8,NA,0.104412339,-0.096701922
9,L,1.06,-1.8,2,93.5,4.9,0.186,1.931,0.051672,113.1594,NA,NA,NA,,L9,NA,0.164838827,0.030687733
10,L,1.06,-1.8,2,93.5,4.9,0.186,1.931,0.051672,113.1594,NA,NA,NA,,L10,NA,0.135084247,0.158635836
11,R,-2.53,3,4,105,10.5,0.18,1.932,0.049211,156.1875,NA,NA,NA,,R11,NA,0.160004328,-0.067261564
12,A,0.62,-0.5,2,27.5,8.1,0.046,1.181,0.007187,71.0788,NA,NA,NA,,A12,NA,0.104131501,0.190193893
13,A,0.62,-0.5,2,27.5,8.1,0.046,1.181,0.007187,71.0788,NA,NA,NA,,A13,NA,0.131260784,0.087975379
14,S,-0.18,0.3,4,29.3,9.2,0.062,1.298,0.004627,87.0782,NA,NA,NA,,S14,NA,-0.004373395,0.221798287
15,A,0.62,-0.5,2,27.5,8.1,0.046,1.181,0.007187,71.0788,NA,NA,NA,,A15,NA,-0.013195517,-0.078182205
16,V,1.08,-1.5,2,71.5,5.9,0.14,1.645,0.057004,99.1326,NA,NA,NA,,V16,NA,-0.087476823,0.134604142
17,L,1.06,-1.8,2,93.5,4.9,0.186,1.931,0.051672,113.1594,NA,NA,NA,,L17,NA,-0.008869939,0.083251795
18,G,0.48,0,2,0,9,0,0.881,0.179052,57.0519,NA,NA,NA,,G18,NA,0.050311728,0.293921072
19,G,0.48,0,2,0,9,0,0.881,0.179052,57.0519,NA,NA,NA,,G19,NA,0.128470644,0.143027975
20,P,0.12,0,2,41.9,8,0.131,1.468,0.239531,97.1167,NA,NA,NA,,P20,NA,-0.031848779,0.228867861
21,A,0.62,-0.5,2,27.5,8.1,0.046,1.181,0.007187,71.0788,NA,NA,NA,,A21,NA,-0.15075261,-0.057758372
22,G,0.48,0,2,0,9,0,0.881,0.179052,57.0519,NA,NA,NA,,G22,NA,0.120589466,0.326239474
23,R,-2.53,3,4,105,10.5,0.18,1.932,0.049211,156.1875,NA,NA,NA,,R23,NA,0.112988766,0.143247724
24,W,0.81,-3.4,3,145.5,5.4,0.409,2.663,0.037977,186.2132,NA,NA,NA,,W24,NA,0.03324892,-0.243689176
25,L,1.06,-1.8,2,93.5,4.9,0.186,1.931,0.051672,113.1594,NA,NA,NA,,L25,NA,0.063464871,0.379729356
26,H,-0.4,-0.5,4,79,10.4,0.23,2.025,-0.01069,137.1411,NA,NA,NA,,H26,NA,0.176491798,0.252724655
27,H,-0.4,-0.5,4,79,10.4,0.23,2.025,-0.01069,137.1411,NA,NA,NA,,H27,NA,0.025591971,0.155776874
28,A,0.62,-0.5,2,27.5,8.1,0.046,1.181,0.007187,71.0788,NA,NA,NA,,A28,NA,0.064414777,0.31953839
29,G,0.48,0,2,0,9,0,0.881,0.179052,57.0519,NA,NA,NA,,G29,NA,-0.136553249,-0.054530946
30,S,-0.18,0.3,4,29.3,9.2,0.062,1.298,0.004627,87.0782,NA,NA,NA,,S30,NA,0.09524981,-0.230465499
31,R,-2.53,3,4,105,10.5,0.18,1.932,0.049211,156.1875,NA,NA,NA,,R31,NA,0.154188334,-0.12444417
32,A,0.62,-0.5,2,27.5,8.1,0.046,1.181,0.007187,71.0788,NA,NA,NA,,A32,NA,0.028893644,0.085881755
33,G,0.48,0,2,0,9,0,0.881,0.179052,57.0519,NA,NA,NA,,G33,NA,0.041216742,0.106306375
34,S,-0.18,0.3,4,29.3,9.2,0.062,1.298,0.004627,87.0782,NA,NA,NA,,S34,NA,-0.010532094,-0.198196279
35,S,-0.18,0.3,4,29.3,9.2,0.062,1.298,0.004627,87.0782,NA,NA,NA,,S35,NA,-0.079058693,-0.061041084
36,G,0.48,0,2,0,9,0,0.881,0.179052,57.0519,NA,NA,NA,,G36,NA,-0.022042319,0.144161082
37,L,1.06,-1.8,2,93.5,4.9,0.186,1.931,0.051672,113.1594,NA,NA,NA,,L37,NA,0.180497628,0.026651726
38,L,1.06,-1.8,2,93.5,4.9,0.186,1.931,0.051672,113.1594,NA,NA,NA,,L38,NA,-0.066788422,0.361688016
39,R,-2.53,3,4,105,10.5,0.18,1.932,0.049211,156.1875,NA,NA,NA,,R39,NA,-0.095650887,0.088409302
40,N,-0.78,2,4,58.7,11.6,0.134,1.655,0.005392,114.1039,NA,NA,NA,,N40,NA,-0.133049794,0.039551528
41,R,-2.53,3,4,105,10.5,0.18,1.932,0.049211,156.1875,NA,NA,NA,,R41,NA,0.01264319,-0.016235237
42,G,0.48,0,2,0,9,0,0.881,0.179052,57.0519,NA,NA,NA,,G42,NA,0.135508057,0.104336459
43,P,0.12,0,2,41.9,8,0.131,1.468,0.239531,97.1167,NA,NA,NA,,P43,NA,0.096357357,0.372657045
44,G,0.48,0,2,0,9,0,0.881,0.179052,57.0519,NA,NA,NA,,G44,NA,0.026349223,0.252851601
45,G,0.48,0,2,0,9,0,0.881,0.179052,57.0519,NA,NA,NA,,G45,NA,0.137249556,0.112054789
46,S,-0.18,0.3,4,29.3,9.2,0.062,1.298,0.004627,87.0782,NA,NA,NA,,S46,NA,0.574038481,0.552194809
47,A,0.62,-0.5,2,27.5,8.1,0.046,1.181,0.007187,71.0788,NA,NA,NA,,A47,NA,0.814378441,0.815857149
48,E,-0.74,3,4,62,12.3,0.151,1.862,0.006802,129.1155,NA,NA,NA,,E48,NA,0.622619796,0.696111436
49,A,0.62,-0.5,2,27.5,8.1,0.046,1.181,0.007187,71.0788,NA,NA,NA,,A49,NA,0.063252187,-0.014054856
50,S,-0.18,0.3,4,29.3,9.2,0.062,1.298,0.004627,87.0782,NA,NA,NA,,S50,NA,-0.076069184,-0.174727977
51,R,-2.53,3,4,105,10.5,0.18,1.932,0.049211,156.1875,NA,NA,NA,,R51,NA,-0.030915773,-0.033124995
52,S,-0.18,0.3,4,29.3,9.2,0.062,1.298,0.004627,87.0782,NA,NA,NA,,S52,NA,0.123610168,-0.129357168
53,L,1.06,-1.8,2,93.5,4.9,0.186,1.931,0.051672,113.1594,NA,NA,NA,,L53,NA,0.018153261,-0.126210825
54,S,-0.18,0.3,4,29.3,9.2,0.062,1.298,0.004627,87.0782,NA,NA,NA,,S54,NA,-0.011338436,-0.179519661
55,V,1.08,-1.5,2,71.5,5.9,0.14,1.645,0.057004,99.1326,NA,NA,NA,,V55,NA,0.012713966,0.275106793
56,S,-0.18,0.3,4,29.3,9.2,0.062,1.298,0.004627,87.0782,NA,NA,NA,,S56,NA,-0.017406079,0.46290891
57,A,0.62,-0.5,2,27.5,8.1,0.046,1.181,0.007187,71.0788,NA,NA,NA,,A57,NA,0.00488477,-0.089599707
58,R,-2.53,3,4,105,10.5,0.18,1.932,0.049211,156.1875,NA,NA,NA,,R58,NA,-0.022227654,-0.018309787
59,A,0.62,-0.5,2,27.5,8.1,0.046,1.181,0.007187,71.0788,NA,NA,NA,,A59,NA,-0.111480408,-0.034169568
60,R,-2.53,3,4,105,10.5,0.18,1.932,0.049211,156.1875,NA,NA,NA,,R60,NA,-0.10175214,0.055137163
61,S,-0.18,0.3,4,29.3,9.2,0.062,1.298,0.004627,87.0782,NA,NA,NA,,S61,NA,0.086950976,0.811323869
62,S,-0.18,0.3,4,29.3,9.2,0.062,1.298,0.004627,87.0782,NA,NA,NA,,S62,NA,-0.126392243,0.08726906
63,S,-0.18,0.3,4,29.3,9.2,0.062,1.298,0.004627,87.0782,NA,NA,NA,,S63,NA,0.088241865,-0.001909045
64,E,-0.74,3,4,62,12.3,0.151,1.862,0.006802,129.1155,NA,NA,NA,,E64,NA,-0.136053609,-0.015448534
65,D,-0.9,3,4,40,13,0.105,1.587,-0.02382,115.0886,NA,NA,NA,,D65,NA,-0.048727701,0.039549812
66,K,-1.5,3,2,100,11.3,0.219,2.258,0.017708,128.1741,0.710027,0.710027,NA,,K66,0.710027,-0.14844131,-0.198115861
67,I,1.38,-1.8,2,93.5,5.2,0.186,1.81,0.021631,113.1594,2.4218805,2.4218805,S,,I67,2.4218805,0.388964474,0.297759872
68,T,-0.05,-0.4,4,51.3,8.6,0.108,1.525,0.003352,101.1051,0.9457745,0.9457745,S,,T68,0.9457745,0.057886303,0.222367987
69,V,1.08,-1.5,2,71.5,5.9,0.14,1.645,0.057004,99.1326,5.849457,5.849457,S,,V69,5.849457,0.62317164,0.704786391
70,H,-0.4,-0.5,4,79,10.4,0.23,2.025,-0.01069,137.1411,0.2301375,0.2301375,S,,H70,0.2301375,0.092160653,0.099871777
71,F,1.19,-2.5,2,115.5,5.2,0.29,2.228,0.037552,147.1766,4.5083755,4.5083755,S,,F71,4.5083755,0.647722761,0.688066705
72,I,1.38,-1.8,2,93.5,5.2,0.186,1.81,0.021631,113.1594,1.214688,1.214688,S,,I72,1.214688,-0.042167707,-0.125502603
73,N,-0.78,2,4,58.7,11.6,0.134,1.655,0.005392,114.1039,1.276821,1.276821,S,,N73,1.276821,0.020299865,0.100244296
74,R,-2.53,3,4,105,10.5,0.18,1.932,0.049211,156.1875,3.1819105,3.1819105,NA,,R74,3.1819105,0.080410235,0.190202584
75,D,-0.9,3,4,40,13,0.105,1.587,-0.02382,115.0886,-0.251463,-0.251463,NA,,D75,-0.251463,-0.160035627,-0.053260948
76,G,0.48,0,2,0,9,0,0.881,0.179052,57.0519,3.98537,3.98537,S,,G76,3.98537,0.038634944,-0.075499661
77,E,-0.74,3,4,62,12.3,0.151,1.862,0.006802,129.1155,0.168586,0.168586,S,,E77,0.168586,-0.183761261,-0.065476418
78,T,-0.05,-0.4,4,51.3,8.6,0.108,1.525,0.003352,101.1051,-0.083687,-0.083687,S,,T78,-0.083687,-0.154650221,-0.126535411
79,L,1.06,-1.8,2,93.5,4.9,0.186,1.931,0.051672,113.1594,1.9859565,1.9859565,S,,L79,1.9859565,-0.004378534,0.160318315
80,T,-0.05,-0.4,4,51.3,8.6,0.108,1.525,0.003352,101.1051,0.5038205,0.5038205,S,,T80,0.5038205,0.078544558,-0.091784092
81,T,-0.05,-0.4,4,51.3,8.6,0.108,1.525,0.003352,101.1051,1.038891,1.038891,S,,T81,1.038891,0.034014769,0.206183727
82,K,-1.5,3,2,100,11.3,0.219,2.258,0.017708,128.1741,0.849422,0.849422,S,,K82,0.849422,-0.220356872,-0.056902936
83,G,0.48,0,2,0,9,0,0.881,0.179052,57.0519,9.2868775,9.2868775,S,,G83,9.2868775,0.419356967,0.168966595
84,K,-1.5,3,2,100,11.3,0.219,2.258,0.017708,128.1741,0.0608845,0.0608845,NA,,K84,0.0608845,0.044457474,0.050610181
85,V,1.08,-1.5,2,71.5,5.9,0.14,1.645,0.057004,99.1326,0.035771,0.035771,NA,,V85,0.035771,-0.00621045,-0.119956854
86,G,0.48,0,2,0,9,0,0.881,0.179052,57.0519,3.1423285,3.1423285,NA,,G86,3.1423285,0.203285054,0.248218192
87,D,-0.9,3,4,40,13,0.105,1.587,-0.02382,115.0886,-0.194449,-0.194449,NA,,D87,-0.194449,-0.143829223,-0.188093389
88,S,-0.18,0.3,4,29.3,9.2,0.062,1.298,0.004627,87.0782,1.608264,1.608264,NA,,S88,1.608264,0.084166743,0.021115765
89,L,1.06,-1.8,2,93.5,4.9,0.186,1.931,0.051672,113.1594,3.9152815,3.9152815,H,,L89,3.9152815,0.731063198,0.510041945
90,L,1.06,-1.8,2,93.5,4.9,0.186,1.931,0.051672,113.1594,2.2761375,2.2761375,H,,L90,2.2761375,-0.088446352,0.220272165
91,D,-0.9,3,4,40,13,0.105,1.587,-0.02382,115.0886,0.749025,0.749025,H,,D91,0.749025,-0.085849527,-0.033429436
92,V,1.08,-1.5,2,71.5,5.9,0.14,1.645,0.057004,99.1326,5.1181865,5.1181865,H,,V92,5.1181865,0.303804105,0.215170099
93,V,1.08,-1.5,2,71.5,5.9,0.14,1.645,0.057004,99.1326,2.5697205,2.5697205,H,,V93,2.5697205,0.184872308,0.014927549
94,V,1.08,-1.5,2,71.5,5.9,0.14,1.645,0.057004,99.1326,0.369157,0.369157,H,,V94,0.369157,-0.16530523,0.052833388
95,E,-0.74,3,4,62,12.3,0.151,1.862,0.006802,129.1155,-0.1006305,-0.1006305,H,,E95,-0.1006305,-0.016554798,-0.158670874
96,N,-0.78,2,4,58.7,11.6,0.134,1.655,0.005392,114.1039,1.2158735,1.2158735,H,,N96,1.2158735,0.053683734,-0.058630242
97,N,-0.78,2,4,58.7,11.6,0.134,1.655,0.005392,114.1039,0.791194,0.791194,NA,,N97,0.791194,-0.114003396,-0.218469053
98,L,1.06,-1.8,2,93.5,4.9,0.186,1.931,0.051672,113.1594,4.0097085,4.0097085,NA,,L98,4.0097085,0.058357539,-5.30E-05
99,D,-0.9,3,4,40,13,0.105,1.587,-0.02382,115.0886,0.490658,0.490658,NA,,D99,0.490658,-0.0645987,-0.238502723
100,I,1.38,-1.8,2,93.5,5.2,0.186,1.81,0.021631,113.1594,4.6426465,4.6426465,NA,,I100,4.6426465,0.055122783,-0.06336458
101,D,-0.9,3,4,40,13,0.105,1.587,-0.02382,115.0886,-0.0834005,-0.0834005,NA,,D101,-0.0834005,-0.060184367,-0.21111995
102,G,0.48,0,2,0,9,0,0.881,0.179052,57.0519,2.1638065,2.1638065,NA,,G102,2.1638065,0.095876149,0.061209205
103,F,1.19,-2.5,2,115.5,5.2,0.29,2.228,0.037552,147.1766,3.5568005,3.5568005,NA,,F103,3.5568005,0.765274158,0.648719338
104,G,0.48,0,2,0,9,0,0.881,0.179052,57.0519,9.133165,9.133165,NA,,G104,9.133165,0.914541998,0.716991099
105,A,0.62,-0.5,2,27.5,8.1,0.046,1.181,0.007187,71.0788,0.3084165,0.3084165,NA,,A105,0.3084165,-0.15919712,0.150225052
106,C,0.29,-1,2,44.6,5.5,0.128,1.461,-0.03661,103.1388,1.0793685,1.0793685,NA,Yes,C106,1.0793685,1.09557462,1.282554012
107,E,-0.74,3,4,62,12.3,0.151,1.862,0.006802,129.1155,0.1241095,0.1241095,NA,,E107,0.1241095,-0.127301714,0.03113426
108,G,0.48,0,2,0,9,0,0.881,0.179052,57.0519,5.549144,5.549144,NA,,G108,5.549144,0.855774596,0.780857584
109,T,-0.05,-0.4,4,51.3,8.6,0.108,1.525,0.003352,101.1051,-0.3199005,-0.3199005,NA,,T109,-0.3199005,-0.29107295,0.187066224
110,L,1.06,-1.8,2,93.5,4.9,0.186,1.931,0.051672,113.1594,2.2336595,2.2336595,NA,,L110,2.2336595,0.201197283,0.089596159
111,A,0.62,-0.5,2,27.5,8.1,0.046,1.181,0.007187,71.0788,0.5264435,0.5264435,NA,,A111,0.5264435,-0.134838713,0.500129732
112,C,0.29,-1,2,44.6,5.5,0.128,1.461,-0.03661,103.1388,0.9181095,0.9181095,NA,Yes,C112,0.9181095,1.068161808,1.162780681
113,S,-0.18,0.3,4,29.3,9.2,0.062,1.298,0.004627,87.0782,0.178576,0.178576,NA,,S113,0.178576,0.226847182,0.15052496
114,T,-0.05,-0.4,4,51.3,8.6,0.108,1.525,0.003352,101.1051,0.3847335,0.3847335,NA,,T114,0.3847335,0.380797928,0.476316799
115,C,0.29,-1,2,44.6,5.5,0.128,1.461,-0.03661,103.1388,1.4805485,1.4805485,NA,Yes,C115,1.4805485,1.063749962,1.143339041
116,H,-0.4,-0.5,4,79,10.4,0.23,2.025,-0.01069,137.1411,0.931967,0.931967,S,,H116,0.931967,-0.052551436,0.187416293
117,L,1.06,-1.8,2,93.5,4.9,0.186,1.931,0.051672,113.1594,4.5334615,4.5334615,S,,L117,4.5334615,0.636571459,0.499527695
118,I,1.38,-1.8,2,93.5,5.2,0.186,1.81,0.021631,113.1594,1.8449795,1.8449795,S,,I118,1.8449795,0.077742758,0.052155525
119,F,1.19,-2.5,2,115.5,5.2,0.29,2.228,0.037552,147.1766,4.6647805,4.6647805,NA,,F119,4.6647805,0.620735111,0.625209899
120,E,-0.74,3,4,62,12.3,0.151,1.862,0.006802,129.1155,0.1303905,0.1303905,NA,,E120,0.1303905,0.110857876,-0.033502413
121,D,-0.9,3,4,40,13,0.105,1.587,-0.02382,115.0886,-0.040516,-0.040516,H,,D121,-0.040516,-0.037015881,0.261678792
122,H,-0.4,-0.5,4,79,10.4,0.23,2.025,-0.01069,137.1411,-0.547475,-0.547475,H,,H122,-0.547475,-0.1746923,0.029373479
123,I,1.38,-1.8,2,93.5,5.2,0.186,1.81,0.021631,113.1594,1.648672,1.648672,H,,I123,1.648672,0.029402546,-0.030372584
124,Y,0.26,-2.3,3,117.3,6.2,0.298,2.368,0.023599,163.176,2.687245,2.687245,H,,Y124,2.687245,0.102516194,0.156110511
125,E,-0.74,3,4,62,12.3,0.151,1.862,0.006802,129.1155,-0.0355515,-0.0355515,H,,E125,-0.0355515,-0.13409655,-0.02799779
126,K,-1.5,3,2,100,11.3,0.219,2.258,0.017708,128.1741,0.705835,0.705835,H,,K126,0.705835,-0.130957058,0.098050537
127,L,1.06,-1.8,2,93.5,4.9,0.186,1.931,0.051672,113.1594,3.8589755,3.8589755,NA,,L127,3.8589755,0.338219107,0.284869818
128,D,-0.9,3,4,40,13,0.105,1.587,-0.02382,115.0886,-0.2123995,-0.2123995,NA,,D128,-0.2123995,-0.12852786,-0.047015697
129,A,0.62,-0.5,2,27.5,8.1,0.046,1.181,0.007187,71.0788,0.1178285,0.1178285,NA,,A129,0.1178285,-0.046561068,0.233793069
130,I,1.38,-1.8,2,93.5,5.2,0.186,1.81,0.021631,113.1594,1.376782,1.376782,NA,,I130,1.376782,0.013969908,-0.030626527
131,T,-0.05,-0.4,4,51.3,8.6,0.108,1.525,0.003352,101.1051,0.2358525,0.2358525,NA,,T131,0.2358525,-0.076633845,0.187633848
132,D,-0.9,3,4,40,13,0.105,1.587,-0.02382,115.0886,0.273011,0.273011,H,,D132,0.273011,-0.089371793,-0.034873354
133,E,-0.74,3,4,62,12.3,0.151,1.862,0.006802,129.1155,0.409069,0.409069,H,,E133,0.409069,-0.144944646,0.050190584
134,E,-0.74,3,4,62,12.3,0.151,1.862,0.006802,129.1155,5.0967135,5.0967135,H,,E134,5.0967135,0.944892923,0.868006631
135,N,-0.78,2,4,58.7,11.6,0.134,1.655,0.005392,114.1039,-0.101188,-0.101188,H,,N135,-0.101188,0.055900103,0.125070331
136,D,-0.9,3,4,40,13,0.105,1.587,-0.02382,115.0886,-0.5060095,-0.5060095,H,,D136,-0.5060095,0.428177473,0.296505388
137,M,0.64,-1.3,2,94.1,5.7,0.221,2.034,0.002683,131.1986,1.555426,1.555426,H,,M137,1.555426,-0.066190965,0.163925757
138,L,1.06,-1.8,2,93.5,4.9,0.186,1.931,0.051672,113.1594,4.09367,4.09367,H,,L138,4.09367,0.403211691,0.216796624
139,D,-0.9,3,4,40,13,0.105,1.587,-0.02382,115.0886,-1.049013,-1.049013,H,,D139,-1.049013,0.01814457,-0.049250045
140,L,1.06,-1.8,2,93.5,4.9,0.186,1.931,0.051672,113.1594,0.663713,0.663713,H,,L140,0.663713,-0.186905553,0.043283349
141,A,0.62,-0.5,2,27.5,8.1,0.046,1.181,0.007187,71.0788,6.5400715,6.5400715,NA,,A141,6.5400715,0.009857354,0.068866944
142,Y,0.26,-2.3,3,117.3,6.2,0.298,2.368,0.023599,163.176,0.853272,0.853272,NA,,Y142,0.853272,-0.257521802,-0.05090848
143,G,0.48,0,2,0,9,0,0.881,0.179052,57.0519,2.0153035,2.0153035,NA,,G143,2.0153035,-0.112930427,-0.098450041
144,L,1.06,-1.8,2,93.5,4.9,0.186,1.931,0.051672,113.1594,0.987265,0.987265,NA,,L144,0.987265,0.006512866,-0.21331012
145,T,-0.05,-0.4,4,51.3,8.6,0.108,1.525,0.003352,101.1051,0.8151705,0.8151705,NA,,T145,0.8151705,0.06060164,-0.248208394
146,D,-0.9,3,4,40,13,0.105,1.587,-0.02382,115.0886,0.295792,0.295792,NA,,D146,0.295792,-0.035759313,0.06265094
147,R,-2.53,3,4,105,10.5,0.18,1.932,0.049211,156.1875,1.417433,1.417433,NA,,R147,1.417433,-0.050627165,-0.04519543
148,S,-0.18,0.3,4,29.3,9.2,0.062,1.298,0.004627,87.0782,4.420547,4.420547,S,,S148,4.420547,0.280855133,0.315683054
149,R,-2.53,3,4,105,10.5,0.18,1.932,0.049211,156.1875,4.8757785,4.8757785,S,,R149,4.8757785,0.823118765,0.848970276
150,L,1.06,-1.8,2,93.5,4.9,0.186,1.931,0.051672,113.1594,4.4236505,4.4236505,S,,L150,4.4236505,0.638657663,0.38878674
151,G,0.48,0,2,0,9,0,0.881,0.179052,57.0519,11.4515255,11.4515255,H,,G151,11.4515255,0.910271915,0.799797163
152,C,0.29,-1,2,44.6,5.5,0.128,1.461,-0.03661,103.1388,1.366932,1.366932,H,Yes,C152,1.366932,1.104214105,1.300445953
153,Q,-0.85,0.2,4,80.7,10.5,0.18,1.932,0.049211,128.1307,0.020701,0.020701,H,,Q153,0.020701,0.252558029,0.159578118
154,I,1.38,-1.8,2,93.5,5.2,0.186,1.81,0.021631,113.1594,4.621196,4.621196,NA,,I154,4.621196,0.605258511,0.411539328
155,C,0.29,-1,2,44.6,5.5,0.128,1.461,-0.03661,103.1388,-0.4127325,-0.4127325,NA,,C155,-0.4127325,-0.119557625,-0.368423167
156,L,1.06,-1.8,2,93.5,4.9,0.186,1.931,0.051672,113.1594,4.383421,4.383421,NA,,L156,4.383421,0.573368368,0.54827754
157,T,-0.05,-0.4,4,51.3,8.6,0.108,1.525,0.003352,101.1051,-0.1851605,-0.1851605,NA,,T157,-0.1851605,0.039570196,0.085446482
158,K,-1.5,3,2,100,11.3,0.219,2.258,0.017708,128.1741,0.173316,0.173316,H,,K158,0.173316,-0.008533546,-0.224940587
159,S,-0.18,0.3,4,29.3,9.2,0.062,1.298,0.004627,87.0782,0.0513395,0.0513395,H,,S159,0.0513395,-0.319283706,0.036163023
160,M,0.64,-1.3,2,94.1,5.7,0.221,2.034,0.002683,131.1986,2.189657,2.189657,H,,M160,2.189657,0.126392893,0.268451284
161,D,-0.9,3,4,40,13,0.105,1.587,-0.02382,115.0886,2.5481,2.5481,NA,,D161,2.5481,0.110682786,0.063012939
162,N,-0.78,2,4,58.7,11.6,0.134,1.655,0.005392,114.1039,1.050089,1.050089,NA,,N162,1.050089,0.003535078,0.009577415
163,M,0.64,-1.3,2,94.1,5.7,0.221,2.034,0.002683,131.1986,4.703908,4.703908,NA,,M163,4.703908,0.364130148,0.286175919
164,T,-0.05,-0.4,4,51.3,8.6,0.108,1.525,0.003352,101.1051,0.3312075,0.3312075,S,,T164,0.3312075,-0.014098397,0.17732418
165,V,1.08,-1.5,2,71.5,5.9,0.14,1.645,0.057004,99.1326,4.8213935,4.8213935,S,,V165,4.8213935,0.564398332,0.516495242
166,R,-2.53,3,4,105,10.5,0.18,1.932,0.049211,156.1875,0.918123,0.918123,S,,R166,0.918123,0.000464898,0.212369151
167,V,1.08,-1.5,2,71.5,5.9,0.14,1.645,0.057004,99.1326,3.2904845,3.2904845,NA,,V167,3.2904845,0.109806755,0.312890877
168,P,0.12,0,2,41.9,8,0.131,1.468,0.239531,97.1167,2.842897,2.842897,NA,,P168,2.842897,0.286703185,0.172937601
169,E,-0.74,3,4,62,12.3,0.151,1.862,0.006802,129.1155,0.4929535,0.4929535,NA,,E169,0.4929535,-0.316242957,0.257098473
170,T,-0.05,-0.4,4,51.3,8.6,0.108,1.525,0.003352,101.1051,-0.3702215,-0.3702215,NA,,T170,-0.3702215,0.009008637,-0.078266261
171,V,1.08,-1.5,2,71.5,5.9,0.14,1.645,0.057004,99.1326,0.103675,0.103675,H,,V171,0.103675,-0.112824268,0.004330063
172,A,0.62,-0.5,2,27.5,8.1,0.046,1.181,0.007187,71.0788,0.0082365,0.0082365,H,,A172,0.0082365,-0.009863775,0.312486011
173,D,-0.9,3,4,40,13,0.105,1.587,-0.02382,115.0886,1.0035045,1.0035045,H,,D173,1.0035045,0.152413426,0.060554374
174,A,0.62,-0.5,2,27.5,8.1,0.046,1.181,0.007187,71.0788,0.352453,0.352453,H,,A174,0.352453,-0.114384351,-0.016604462
175,R,-2.53,3,4,105,10.5,0.18,1.932,0.049211,156.1875,0.9325885,0.9325885,NA,,R175,0.9325885,0.128779619,0.089426582
176,Q,-0.85,0.2,4,80.7,10.5,0.18,1.932,0.049211,128.1307,0.581858,0.581858,NA,,Q176,0.581858,0.053460047,0.14828419
177,S,-0.18,0.3,4,29.3,9.2,0.062,1.298,0.004627,87.0782,0.689912,0.689912,NA,,S177,0.689912,-0.227614852,-0.143646801
178,I,1.38,-1.8,2,93.5,5.2,0.186,1.81,0.021631,113.1594,-0.1641735,-0.1641735,NA,,I178,-0.1641735,-0.031733897,0.138792424
179,D,-0.9,3,4,40,13,0.105,1.587,-0.02382,115.0886,0.6581535,0.6581535,NA,,D179,0.6581535,0.077390992,0.100727731
180,V,1.08,-1.5,2,71.5,5.9,0.14,1.645,0.057004,99.1326,-0.1764965,-0.1764965,NA,,V180,-0.1764965,-0.096239996,0.242759251
181,G,0.48,0,2,0,9,0,0.881,0.179052,57.0519,-0.102654,-0.102654,NA,,G181,-0.102654,-0.076080229,-0.066961832
182,K,-1.5,3,2,100,11.3,0.219,2.258,0.017708,128.1741,0.7791755,0.7791755,NA,,K182,0.7791755,0.021804275,-0.072218931
183,T,-0.05,-0.4,4,51.3,8.6,0.108,1.525,0.003352,101.1051,-0.044869,-0.044869,NA,,T183,-0.044869,-0.086948553,-0.374654573
184,S,-0.18,0.3,4,29.3,9.2,0.062,1.298,0.004627,87.0782,0.5842805,0.5842805,NA,,S184,0.5842805,0.065794905,0.29505595