res,KA66,IA67,TA68,VA69,HA70,FA71,IA72,NA73,RA74,DA75,GA76,EA77,TA78,LA79,TA80,TA81,KA82,GA83,KA84,VA85,GA86,DA87,SA88,LA89,LA90,DA91,VA92,VA93,VA94,EA95,NA96,NA97,LA98,DA99,IA100,DA101,GA102,FA103,GA104,AA105,CA106,EA107,GA108,TA109,LA110,AA111,CA112,SA113,TA114,CA115,HA116,LA117,IA118,FA119,EA120,DA121,HA122,IA123,YA124,EA125,KA126,LA127,DA128,AA129,IA130,TA131,DA132,EA133,EA134,NA135,DA136,MA137,LA138,DA139,LA140,AA141,YA142,GA143,LA144,TA145,DA146,RA147,SA148,RA149,LA150,GA151,CA152,QA153,IA154,CA155,LA156,TA157,KA158,SA159,MA160,DA161,NA162,MA163,TA164,VA165,RA166,VA167,PA168,EA169,TA170,VA171,AA172,DA173,AA174,RA175,QA176,SA177,IA178,DA179,VA180,GA181,KA182,TA183,SA184,AA185,EA186,NA187,LA188,YA189,FA190,QA191
G,1.133,2.8063,1.62243,5.92756,1.94821,7.71311,2.68436,1.9491,4.08728,-0.03328,0.0,1.08097,1.18404,3.49571,1.28346,1.67325,2.46293,0.0,0.32649,0.38044,0.0,1.63993,0.31318,5.67421,2.92342,1.20534,4.12772,4.36585,0.91251,0.58898,1.73615,0.01874,5.74867,1.18299,7.11704,0.32733,0.0,5.41138,0.0,0.86021,-0.02938,-1.01703,0.0,-0.71266,2.04023,-0.32737,0.27959,0.67473,0.63718,0.57525,1.07985,5.06542,3.71705,7.16582,0.50364,0.06837,0.02499,2.69836,3.41301,-0.39204,0.80616,4.2118,0.45497,0.53009,1.63699,-0.17742,0.65906,0.92599,5.37024,0.62798,-0.03734,1.52887,4.84807,-1.31071,1.2361,1.55114,2.15092,0.0,1.93606,1.8324,0.12107,2.71357,1.74547,5.61555,4.87641,-0.0,0.83573,0.75209,4.9258,0.5766,4.83985,0.91313,0.44555,0.06158,3.97746,2.91677,-0.94207,4.69161,1.746,5.44392,2.30897,4.79145,3.37804,1.53263,-0.71506,1.09401,0.63633,2.22175,1.28975,0.92948,0.63291,0.55285,-0.03862,0.6859,0.20456,0.0,2.87831,0.02243,-0.16354,-0.06376,0.69272,0.55851,0.07395,0.69152,0.55149,0.67275
A,0.80663,2.21024,1.12871,4.03386,0.7888,6.1628,1.74933,1.04568,3.33712,-0.53761,3.74969,0.32869,0.81097,2.56721,0.66486,0.94879,1.38928,1.0564,0.05398,0.37801,3.08267,-0.16068,0.67888,4.30547,1.68275,0.58825,2.35394,2.25973,0.72411,-0.15028,1.50536,0.60442,3.96598,0.49492,4.65102,0.11778,2.24418,4.29722,3.9184,0.0,-0.32069,0.41863,3.57615,-0.83538,1.7179,0.0,0.66058,0.34604,-0.01145,0.00486,0.2038,3.74588,2.32151,6.23592,0.30128,0.0948,-0.38071,1.59859,2.23987,-0.36612,1.16305,3.16944,0.05326,0.0,1.28834,0.56063,0.2499,0.21381,3.70455,-0.58065,-0.71711,0.50249,3.0531,-1.36358,0.88393,0.0,1.42721,1.49686,1.23132,1.19196,0.28601,1.4942,0.38707,4.37938,3.30344,-0.75063,-0.1682,-0.04801,3.91323,-0.00781,3.66671,0.28895,0.20126,-0.14203,2.73345,1.95398,1.15507,3.90968,0.70179,3.52552,1.07267,3.0284,2.62683,0.87559,-0.14583,0.2012,0.0,1.21021,0.0,0.65717,0.56533,0.71635,-0.22676,0.62247,-0.15309,-0.11397,0.92545,-0.1569,0.27604,0.0,0.21654,-0.03972,0.12829,-0.07165,0.92028,0.47524
V,0.72828,0.7494,-0.41323,-0.0075,-0.42654,3.56095,0.28541,1.39178,3.0642,0.45134,5.17484,0.0313,-0.05132,1.47694,0.44105,0.18848,0.4484,4.66712,0.47791,0.00152,4.29955,-0.05454,3.56677,2.03721,1.85219,0.96914,0.00343,-0.00462,-3e-05,-0.26362,2.0865,1.63468,2.40056,0.93935,1.79209,0.05316,4.43514,3.17048,8.90515,0.20972,0.13603,1.22987,6.96962,-0.38971,1.25713,1.39945,1.9479,-0.32755,1.24148,-0.88738,-0.49215,1.87525,0.64886,4.0579,0.53544,0.2743,-0.34183,0.53956,2.67858,0.64934,0.85346,2.42927,0.08456,0.27392,0.83337,1.2676,0.39565,0.72853,2.52031,0.56863,-0.13442,1.48709,1.97072,-0.08387,1.79727,0.81164,0.96282,3.25168,1.11026,0.88247,0.73142,1.67051,3.42501,4.37764,2.22779,1.96548,0.42968,0.37725,0.73394,-0.19284,2.54203,-0.4914,0.35775,0.67081,3.78956,2.7556,2.41209,4.1943,-1.00815,-0.00018,-0.43299,-0.00495,3.16482,0.96484,0.8585,0.00346,0.46347,1.23133,0.7546,0.94521,0.55506,1.05665,-0.05614,1.1971,0.00042,0.09977,0.8621,0.04793,1.36211,-0.0962,0.34196,0.05769,0.69409,0.40952,1.08674,0.5537
L,0.0113,-0.80734,-0.71652,0.94679,-0.55455,2.10147,0.10713,-0.4802,1.9167,-0.451,3.92049,-0.9316,-1.16867,-0.04705,0.38091,1.51019,0.06721,5.70157,-0.24954,-0.08771,2.80121,-1.35427,1.77313,-0.02491,-0.00912,0.15874,-0.5982,0.98921,-0.9777,-0.35137,0.30096,0.63473,-0.03716,0.54343,1.38084,-0.11202,1.7153,1.07225,9.9503,-0.33293,0.70381,-0.21819,5.58736,-0.50016,-0.0359,0.17894,0.36286,1.222,0.02974,0.47199,-1.65947,-0.01622,-0.6232,2.06909,-0.02264,-0.62233,-0.77413,-0.51305,0.39125,-0.4675,0.76959,-0.02278,-0.58161,0.18525,1.1054,1.05759,0.33477,-0.31873,3.62473,-1.35292,-0.82867,-0.32193,0.00822,-1.44081,-0.00442,4.25019,0.62586,1.66197,-0.0051,0.12584,0.09518,0.52083,0.39135,3.7182,-0.00804,6.00272,-0.36062,-1.02398,2.24209,-0.68637,0.00258,-0.60399,0.15657,-0.18144,0.50212,2.06835,0.61335,3.13173,-0.8262,0.14618,-0.5395,-0.05083,2.34539,0.21856,-0.48037,-0.66731,-0.33521,0.28475,0.07321,-0.32784,0.36538,1.03148,-0.21508,0.89706,-0.44631,-0.06642,0.29547,-0.08018,0.45817,-0.52349,-0.10256,-0.41891,-0.00147,-0.14566,0.2934,-0.13708
I,0.54635,-0.05202,-0.2182,-0.76747,-1.01702,2.8033,-0.00064,1.38427,2.57601,0.09479,5.06729,-0.77457,-0.35795,0.11783,0.04546,-0.04447,0.34239,6.7674,-0.03058,-0.60847,3.63641,0.26559,4.61737,0.76706,1.75089,0.54276,-0.34023,1.21506,-0.74764,-0.86821,1.59136,1.85964,0.90214,0.97345,-0.00655,-0.02695,4.16411,1.92988,9.46122,-0.16077,1.40085,1.51307,6.69269,-0.50797,1.92178,1.95821,3.47435,-0.13845,2.03377,0.2108,-1.04423,1.10637,-0.01504,3.43616,0.28657,0.23028,-0.5852,-0.02577,2.70318,0.11618,0.31401,1.66408,-0.11392,0.45639,-0.03617,0.99405,0.31155,0.40643,2.006,0.07559,-0.58938,1.79835,1.3342,-0.462,1.35713,1.11433,0.3913,3.93759,0.87435,1.10548,0.74223,1.2753,3.04194,5.46662,0.98069,4.22965,0.36984,-0.25689,-0.00405,-0.8808,1.80081,-0.41233,0.34362,0.40251,4.94431,2.67522,3.01602,3.00843,-1.13995,0.2726,-0.90809,-0.93637,2.71866,0.13605,0.53302,-0.4536,-0.00109,0.80661,0.65668,0.40757,0.71163,1.09096,8e-05,1.20615,-0.384,0.09939,0.52283,0.02742,2.59128,-0.20957,-0.04756,-0.03494,0.66375,-0.05735,1.0623,0.22804
M,-0.32256,1.12643,-0.60623,0.54538,-0.13945,1.55399,0.6801,0.24333,1.76696,-0.49137,3.758,-0.67011,-1.35294,-0.53915,-0.24637,0.8393,0.16558,6.3019,-0.10098,-0.18253,2.567,-1.87166,1.38791,-0.12986,0.91368,0.49069,0.07129,0.39008,-0.44683,-1.69924,0.21865,0.84726,0.82395,1.0493,-0.48364,-0.21875,1.62417,0.66129,7.66219,-0.19968,-0.09884,-0.56455,4.52811,-0.77869,0.47549,0.76692,0.0118,0.18017,0.03306,-1.3314,-1.57771,0.0546,-0.08249,1.70865,-0.20596,-0.18449,-1.03124,-0.0903,0.62892,-0.69159,0.04279,0.54668,-1.20264,0.12581,-0.06526,1.31217,0.26548,0.26316,2.73351,-1.88593,-1.29837,-0.00641,0.8287,-1.60809,0.14368,1.81211,0.12651,1.54406,0.27358,0.15498,0.07667,0.10549,-0.20534,2.83125,0.55009,5.61936,-0.21947,-0.9883,1.15193,-0.6456,0.58014,-0.53469,0.16208,-0.53999,-0.06014,2.38187,0.62973,-0.00633,-0.91223,1.50784,-0.40737,1.56768,2.14906,0.20938,0.11871,-0.24259,-0.3352,0.4749,0.04464,-0.20759,2.36902,0.91533,-0.24694,0.74941,-0.39537,-0.11049,0.40424,-0.01752,0.31139,-0.47456,-0.34872,-0.44459,0.08444,0.02223,0.18159,-0.195
F,0.55856,1.87338,0.33423,8.5679,-1.26152,-0.01098,0.04287,-0.09547,2.94482,-0.44095,3.89072,-0.39392,-0.92466,1.25001,0.9233,-0.23243,0.30703,22.0013,-0.05469,-0.02291,2.35521,-1.36439,0.79852,0.67255,0.70359,-0.11614,11.2674,1.08693,-1.15574,-0.20766,0.52063,0.33835,1.71174,0.71805,4.24377,-0.05462,1.41575,-0.01108,11.57604,-0.26736,2.9081,-0.51003,7.32652,-0.56383,2.17739,0.09184,1.05123,-0.50823,0.01992,4.44721,3.25273,6.34657,2.36786,-0.03325,0.41754,-0.24918,-1.18509,2.32469,0.24395,-0.62002,0.53267,4.8281,-1.03944,-0.0655,1.55672,0.53077,0.02954,0.19222,10.31349,-1.20574,-1.15951,2.93893,5.64789,-2.1574,-0.00803,9.88538,-0.25352,0.8914,0.17714,0.25921,0.22371,0.80137,5.12453,2.71446,5.46478,26.9312,0.09992,-0.7759,4.60753,-0.95699,2.65705,-0.66056,-0.11432,-0.09741,-0.50292,3.29627,0.49382,6.47307,0.31193,5.38574,2.0398,4.32379,1.69413,0.29389,-0.6565,0.32298,-0.11924,0.71931,0.12094,-0.30966,0.44154,0.54175,-0.25871,0.70934,-0.44976,-0.19593,0.04879,-0.00284,-0.00056,-0.62732,-0.07133,-0.88656,-0.26929,-0.04415,0.00095,-0.248
W,0.87695,2.78293,3.8531,21.04828,0.87868,1.5522,1.85281,2.45637,3.949,-0.55988,3.94536,-0.26259,-1.2281,1.86224,0.85117,0.49071,-0.17136,23.34704,0.23866,-0.0387,2.58804,-1.69159,1.87369,6.97089,0.38771,0.80073,21.27076,3.05046,-0.41371,0.11826,1.39843,1.53714,7.51115,0.13626,16.47846,-0.23612,1.62867,1.90984,13.4139,0.09734,5.15636,-0.64273,7.28209,-0.59832,5.78673,0.04235,0.34495,-0.96382,-0.04463,4.27083,7.80262,13.65178,1.80662,0.28189,0.25026,0.24277,-0.6586,1.82992,1.20558,-0.33237,0.76132,8.57384,-0.33176,-0.05188,1.2966,0.39046,0.65142,0.65332,9.21209,-1.55581,-0.90582,2.37736,5.31399,-0.99081,0.50401,25.80648,0.41692,1.65788,1.16743,0.63817,0.78328,0.56149,11.6829,7.7435,15.65466,43.20984,6.05454,0.20625,9.93376,-1.25486,9.78833,-0.49892,-0.0471,-0.61405,2.62074,3.82538,0.88117,7.18172,0.45781,15.86974,1.89655,8.83305,3.00563,0.16934,-0.55793,0.17005,-0.16359,0.82669,0.59317,-0.13177,0.59147,0.57604,-0.21026,1.08094,-0.06506,-0.27499,0.45856,0.06349,0.20926,-0.31255,-0.07124,-0.19145,0.96409,0.29276,0.14208,-0.31391
P,1.2554,4.64699,2.98369,5.53254,3.17034,6.98754,2.81489,4.80952,2.58324,-0.5735,7.08386,1.50179,0.44612,6.06333,0.74344,3.26126,2.33015,3.87112,-0.34347,-1.65602,7.6796,2.65519,0.96017,6.71138,9.7787,3.92159,7.12508,6.88171,5.84661,2.27171,2.83048,5.10861,5.87637,-0.92169,7.79674,-1.16229,6.32607,6.04223,11.77776,3.54693,-0.81959,5.5253,5.83542,4.49962,2.82495,6.4962,6.03939,0.52077,-0.06839,-0.71073,2.45462,8.06506,4.0016,7.38083,-1.69816,-1.31008,-1.55261,0.60617,9.59558,1.88593,1.72702,7.59774,-1.99066,-0.56347,0.812,-1.21171,-1.279,0.69977,5.76519,7.71271,1.67139,1.23815,10.84976,1.00328,1.85273,6.46183,0.73386,6.42772,0.67033,5.48267,-0.32985,3.86963,6.38491,8.56045,4.00546,5.24495,1.78604,2.38059,8.12516,-0.99435,5.53717,1.06022,-1.11781,0.67137,3.04443,5.65099,5.93945,6.57011,1.75355,5.10036,1.98397,3.5811,-0.00861,-0.79161,0.75414,-1.72012,-1.08096,1.86109,2.06753,7.25709,2.11932,3.63733,-0.40973,0.07239,0.09224,-0.65382,3.23384,-0.8746,3.59145,-0.01402,2.48336,0.48213,-1.33411,-0.10881,1.36074,0.29356
S,1.09281,3.24629,1.21347,5.20064,1.5531,6.99759,2.83726,0.64553,4.03558,-0.12451,3.83205,0.75547,0.79868,2.96407,0.62882,1.03116,1.95941,2.96674,0.10744,0.69731,3.41773,0.28524,-0.00881,5.08205,3.24391,0.96855,4.01068,3.49843,1.17929,0.13532,1.65187,0.6217,5.15121,0.61224,4.56658,0.21772,1.7367,5.30345,6.5027,0.70289,0.43137,-0.16923,4.82421,-0.36029,1.60614,0.02428,-0.09127,0.00037,0.06411,1.65369,0.39533,4.029,2.88503,6.37068,-0.11722,-0.13196,-0.04505,1.94209,3.50123,-0.06595,1.09931,3.24481,0.22155,0.20005,1.62841,-0.77537,0.54031,0.19306,4.24132,-0.04757,-0.60661,1.67364,4.18269,-1.09059,0.90883,0.65313,1.86334,2.27511,1.31942,0.04434,0.34016,1.72884,3e-05,4.01652,4.46896,1.61777,0.92203,0.30417,4.81029,0.55389,5.22787,0.4488,0.45521,5e-05,3.15863,2.39387,0.79983,3.89149,1.29792,3.45594,1.61991,3.73833,2.89222,1.36187,-0.72633,0.74361,0.11896,1.47327,-0.06114,1.02379,0.67983,-7e-05,-0.11775,0.62229,0.03124,0.0031,0.66366,0.09674,-0.00024,-0.04902,0.46623,0.04959,0.34181,0.05101,0.47045,0.56094
T,0.69772,2.99963,-0.0,2.45264,-0.22801,5.55949,1.64893,2.30391,3.544,0.41282,5.20587,0.10027,9e-05,2.3345,-0.00017,0.00014,0.9805,2.90697,0.28961,0.42578,4.15476,-0.42742,0.5182,3.77052,3.06213,0.39331,2.50072,1.96172,0.61645,-0.13117,1.94057,0.96244,3.89639,0.91646,3.24566,0.10484,2.23289,4.81024,9.10947,0.43254,1.19043,0.90632,6.68031,-0.0001,1.817,0.75075,1.332,0.51812,0.00028,0.4548,-0.65895,3.16084,1.04904,6.0413,0.0006,0.37648,-0.22199,1.44968,3.36435,-0.23885,1.02208,2.51359,0.22463,0.25244,1.84443,0.0005,0.40232,0.6808,2.5831,0.1397,-0.14026,1.82357,3.03314,-0.38032,2.00616,-0.24919,1.34288,3.05827,0.77654,0.00462,0.82786,2.30718,2.14595,6.20129,4.66546,4.94582,1.77108,-0.20801,3.03818,-0.03383,4.04552,-0.00281,0.40515,0.40409,2.64781,2.44357,2.20373,4.19188,0.0006,2.22261,0.49383,1.78323,4.16587,1.36003,0.00049,0.76249,0.05208,1.47964,-0.0492,0.99061,0.49579,0.20123,-0.13433,0.77944,-0.0594,0.00637,0.81906,-5e-05,0.86841,-0.10712,0.4403,0.09968,0.91058,0.43274,0.17737,0.3834
C,0.74997,1.76589,0.88009,3.17536,0.70978,5.27083,1.42506,1.3805,3.55135,-0.07475,3.82777,0.6749,0.07965,2.02078,0.5839,0.06953,1.2843,3.34297,0.43146,0.1661,3.18646,0.31418,2.03534,3.6786,2.41929,1.30429,2.62614,2.16806,0.50074,-0.10141,1.4193,0.48756,3.46123,1.28168,3.37753,-0.03647,2.10935,3.75213,7.04959,0.61885,-0.00041,0.29368,4.82078,-0.61357,2.48483,-0.04206,-0.00013,0.20649,0.6972,-0.00758,0.13412,2.95191,1.95174,5.33201,0.49881,0.37766,-0.09163,1.4755,2.66711,0.25648,0.68872,2.70605,0.33548,0.47327,1.1623,0.80145,0.76677,0.89613,4.10527,0.06994,-0.0907,0.88783,3.21455,-0.81404,0.70435,1.02774,0.99929,1.65038,1.27298,0.92398,0.73052,1.47911,2.97482,4.41251,2.66099,4.06247,-0.00033,-0.26457,2.72437,0.00272,3.70301,0.24851,0.62863,0.41004,2.34525,2.77298,0.91859,3.42554,0.29788,2.54108,0.79049,2.14463,2.84326,1.11645,0.9108,0.73935,0.61256,1.60105,0.65549,0.85763,0.61805,0.67594,-0.07875,0.75879,-0.11459,0.06146,0.71182,0.13161,0.03177,-0.16817,0.2132,-0.53393,1.13454,0.68377,0.43448,0.33354
Y,1.03249,2.04927,1.87074,12.01842,-1.05715,0.21943,-0.20883,0.03367,2.03038,-0.42945,3.91624,-0.31919,-0.72344,1.01325,0.86503,0.42319,0.25228,27.38386,0.01141,0.04995,2.3895,-1.50272,1.00783,4.62659,0.36305,0.34329,14.78501,1.94959,-1.10731,-0.10153,0.37724,0.51838,11.40666,0.78466,6.06451,-0.03861,1.50417,1.30634,11.01122,-0.13592,4.45441,-0.33281,6.70461,-0.5499,4.31383,0.13349,0.81152,-0.40631,0.04634,3.07276,2.53967,7.79861,2.43097,1.24424,0.64406,-0.08136,-2.07435,3.03624,-0.02986,-0.06761,0.59493,8.7764,-0.26937,0.05975,1.59708,-0.27572,0.31107,0.54119,8.82793,-1.01299,-1.07915,3.98281,8.1995,-1.59098,-0.11059,18.07442,-0.00992,1.20232,0.60507,0.29058,0.2826,-0.26162,11.7863,3.79377,10.17114,29.61228,0.3433,-0.59255,11.13996,-1.50203,6.39509,-0.64117,-0.07816,-0.00716,0.53452,3.39007,0.54411,8.44977,0.4633,7.78876,1.22187,4.9118,2.14612,0.23109,-0.50726,0.30181,-0.05542,0.90772,0.25601,-0.14473,0.4431,0.61099,-0.27084,0.7685,-0.36077,-0.13933,0.10908,0.00248,0.04343,-0.58565,-0.09773,-0.7237,-0.2515,0.00616,0.16988,-0.13957
N,1.04267,3.12425,1.65521,4.62533,0.64588,5.73947,1.2335,-0.02859,3.74562,-0.17189,3.85392,0.65961,0.47693,2.65925,0.54065,1.91279,1.31948,7.54326,-0.28896,0.5501,3.02776,0.55724,-0.0118,3.85607,2.70014,1.0973,3.4205,3.45715,1.21147,-0.05412,-0.0119,0.01008,4.27446,0.10231,3.67695,-0.26175,1.15665,4.48918,9.44723,0.61728,1.10777,-0.6611,5.39323,-0.78552,1.61144,-0.48045,-0.22496,0.55255,0.71208,1.18792,1.03998,3.2206,2.10563,5.91672,-0.04743,0.33214,-0.11694,2.34006,3.49798,-0.221,0.70592,3.90455,0.49713,0.5173,2.56077,-0.70742,0.60911,0.31517,5.93886,-0.00783,-0.27361,1.23995,3.57653,-1.17211,0.56485,4.53192,1.4095,1.66349,1.52568,0.3291,0.07826,1.42339,2.36986,4.20009,3.69265,8.21506,1.04165,-0.97184,4.14332,-0.1754,3.89323,-0.08478,0.55636,0.22486,2.11551,1.13055,-0.02041,3.56248,1.21824,3.95244,1.6664,2.81458,3.41678,0.85979,-1.21265,0.51748,0.55173,1.23797,0.28967,0.9365,0.56085,0.46563,-0.00268,0.46824,-0.02729,0.06783,0.79165,0.0587,0.05408,-0.05552,0.48099,-0.00264,0.68911,0.2843,0.29809,0.2504
Q,0.66269,3.13628,0.57425,4.40619,0.10115,5.30505,1.3199,1.80589,3.16186,-0.33529,3.90492,0.02534,-0.0257,1.76317,0.35823,0.97467,0.67589,9.74242,-0.02593,-0.14689,2.96036,-0.72244,2.83235,3.5003,2.10168,0.6808,3.2078,2.32119,0.10697,-0.42334,0.86389,0.01134,2.85604,0.36937,3.63375,0.03659,1.79466,4.06935,9.37317,-0.2059,0.77179,-0.79634,4.21849,-0.66687,1.86248,-0.25561,0.10119,0.07078,0.43054,0.63783,0.11723,2.44368,1.75437,5.30452,0.18446,0.10293,-0.55222,1.77624,2.86074,-0.08921,0.53514,2.43592,0.08074,0.18294,1.93507,0.76816,0.09588,0.11098,3.47847,-0.96191,-1.29776,1.43233,3.46565,-1.5864,0.1135,5.9571,0.77475,1.25212,0.74217,0.45493,0.17945,0.99004,3.85452,4.83065,3.42112,9.85337,1.98498,-0.03762,3.58928,-0.59409,4.02284,-0.63654,0.22313,0.20582,2.72822,2.09597,0.34193,4.01816,-0.23968,3.2901,0.05594,2.77888,3.37032,0.56871,-0.01069,-0.19567,-0.09273,0.65575,-0.07571,0.9101,-0.0162,0.33735,-0.1091,0.5994,-0.20139,-0.22519,0.32899,-0.07453,0.38875,-0.41081,-0.10298,-0.20916,0.03602,0.1319,0.69894,-0.0335
D,1.16577,4.60693,2.49558,6.55734,0.6025,6.91417,1.03184,1.58089,5.04648,-0.00537,3.92502,0.92496,0.82409,3.40824,0.56661,2.93742,1.28005,8.75728,0.51719,0.40366,3.14823,0.00531,1.85881,4.84143,3.47799,-0.0029,4.63371,4.13123,0.79508,0.36962,1.95201,0.40808,5.62219,-0.00284,4.93866,-0.00245,1.96101,5.31568,12.67466,0.46004,0.92668,-0.21106,7.39902,-0.61706,3.15862,0.13281,-0.27453,0.82787,0.83149,0.96047,1.58996,5.17853,2.86323,7.55426,-0.13307,-0.00303,0.23802,3.53336,4.33249,0.60853,1.18007,5.00083,0.00422,0.2666,2.00392,-1.8724,-0.01822,0.38806,5.63383,0.53309,-0.00127,3.48131,6.47944,0.0,1.49565,7.16301,1.54039,1.931,2.11445,0.32951,-0.00822,2.97801,3.91472,8.38554,6.22771,8.22334,1.97149,1.85405,4.73797,0.58104,6.15849,-0.40387,0.44315,-0.50794,2.07566,-0.00358,0.95332,6.8939,2.24938,5.58015,2.42657,2.97652,4.49379,1.45324,-3.65868,-0.0272,-0.05219,0.0051,-0.33325,1.80021,0.4874,0.08343,-0.1075,-0.00194,-0.01392,-0.24171,1.03672,0.01031,0.32615,0.00526,0.57205,-0.04999,0.53221,0.3518,0.30666,0.406
E,0.67844,3.89389,0.68904,5.50504,0.14637,6.51604,1.15464,2.92375,5.03966,-0.27757,3.91431,0.0,-0.01299,2.13968,0.26933,1.6766,0.97037,9.34942,0.16068,0.07004,3.02852,-0.19406,3.88631,4.29795,3.29846,0.37574,4.05455,4.04814,0.70548,-0.00118,0.94503,0.48267,4.68348,-0.35076,4.4151,0.10931,1.9932,5.02449,9.42887,-0.09578,1.67289,-0.0087,6.00017,-0.37894,3.0354,0.1707,0.92652,0.72474,0.21107,1.23236,1.35348,3.98893,2.07535,7.15022,-0.00622,-0.42718,-0.21815,2.91441,3.36438,-0.01869,1.25646,3.74939,-0.24783,-0.15583,1.27835,0.1694,-0.2977,-0.00239,-0.04138,-0.38152,-0.31015,2.43802,5.34444,-0.57024,1.40639,8.69105,0.2309,1.91774,1.79504,0.67649,-0.08371,2.9279,6.35795,8.15444,6.39577,9.46763,1.39341,0.8331,4.89256,-0.202,5.40859,-0.26032,0.02989,0.0426,2.90568,2.09627,0.96616,5.2991,0.64901,4.48672,0.7351,4.10265,4.07519,-0.00628,-1.8399,-0.8494,-0.85678,0.46443,-0.21262,1.30191,0.51322,0.35534,-0.21335,0.32451,-0.22321,-0.34287,0.77225,-0.07185,0.3757,-0.18126,-0.08299,-0.47345,-0.44347,0.03017,0.68472,0.21273
K,-0.00121,2.43248,-0.05658,5.75406,-0.54681,5.4313,0.66569,0.76689,2.89779,-0.77354,3.48009,-0.26974,-0.4382,0.89977,0.00713,0.54054,-0.05452,8.91497,-0.00796,0.04376,2.75173,-0.4875,1.40925,4.72613,0.95287,-0.01,3.99716,1.7191,-0.46017,-0.98055,0.73155,-0.40359,2.74707,-0.22716,3.95515,-0.53918,1.59091,3.10415,8.42221,-0.34612,0.23966,-0.8228,4.88051,-0.82942,1.31876,-0.4231,0.47519,-0.18821,-0.10097,3.72651,-0.46079,5.14486,0.9732,5.46504,0.35278,-0.50785,-0.70324,1.29448,2.15363,-0.26297,-0.01927,4.18485,-0.3537,-0.07405,1.5382,0.6039,0.29429,0.15697,6.27479,-1.36412,-1.13738,0.47205,2.30512,-1.85538,-0.3433,9.08877,0.60977,1.1035,0.41656,0.45225,0.11108,0.80101,5.35438,3.94298,3.22051,12.80062,2.34926,-0.48389,3.51116,-1.11154,5.40944,-0.55292,-0.00328,-0.0559,0.52456,1.74178,-0.62016,4.03201,-0.57299,5.87016,-0.18498,5.09036,2.63308,0.00534,-0.14927,0.07594,0.00319,0.73982,0.02941,0.14272,-0.38317,0.47359,-0.1775,0.60983,-0.49796,-0.06353,-0.00066,-0.09146,0.23968,-0.64422,-0.34254,-0.59071,0.34764,-0.11269,0.52718,-0.28715
R,0.33181,2.62454,-1.12558,12.55254,-0.66441,5.45239,1.07914,0.3326,-0.08206,-0.62827,3.26632,0.19069,-0.52409,1.62328,0.12218,0.79571,-0.17542,8.81269,-0.35521,-0.01182,2.77704,-0.00728,1.54774,8.72723,2.05898,0.51832,5.39623,2.80454,-0.08171,-0.44836,0.54085,0.00929,2.40516,0.6489,8.12773,-0.1061,1.73831,5.90779,8.68916,-0.21981,-0.02039,-1.33803,5.12163,-0.74081,1.48101,0.06953,0.57851,-0.11157,0.21477,4.79322,2.47254,8.50508,1.59287,6.37476,0.09828,-0.06743,-0.67792,1.73977,2.04608,-0.02684,-0.22782,4.93316,-0.28533,-0.39254,1.56969,0.17352,0.40133,0.37476,5.57749,-1.05518,-0.98885,0.70183,0.12058,-1.94374,-0.78299,11.27872,0.71116,1.71594,0.15388,0.23417,0.02354,-0.04435,5.82964,-0.00021,2.4413,20.34378,5.31515,-0.31518,6.18293,-0.8285,8.57849,-0.70953,-0.002,-0.1868,1.80471,2.07024,-0.21356,4.96732,-0.4735,10.55013,-0.01569,6.25192,2.96442,-0.81349,0.26748,0.49285,0.30271,0.65342,0.10422,0.0081,-0.43727,0.00165,-0.25322,0.17015,-0.45037,-0.14111,-0.01457,-0.07864,0.21076,-0.63835,-0.131,-0.63484,0.298,0.04383,0.49551,-0.15897
H,1.15347,3.22185,2.75129,8.91424,-0.0466,4.33737,1.89037,1.087,4.44222,-0.07998,3.99064,0.71945,0.51375,2.64607,1.04742,1.78099,1.15449,22.30312,0.06018,0.3038,2.99479,0.22689,1.12044,4.21476,1.86044,0.7507,8.45004,3.10085,0.17527,0.28554,1.71854,0.13236,4.78688,0.56224,3.88154,0.16057,1.90489,3.56972,14.29006,0.5868,1.77652,-0.11208,7.14196,-0.46843,3.81798,-0.15801,0.5555,0.37103,0.71708,4.84756,0.09671,4.35248,3.07539,4.23885,0.76479,0.67484,-0.00161,2.50344,2.88685,-0.36673,0.31109,2.73179,0.21173,0.13603,1.98943,1.10689,0.73669,0.76215,10.06448,-0.33923,-0.19522,1.43228,8.09711,-1.56247,-0.45099,12.89166,1.0115,1.66704,1.58814,0.89026,0.70458,1.00676,11.84493,4.17094,4.05212,27.4358,1.41916,-0.32674,8.02451,0.09811,3.41118,-0.16899,0.42064,0.26578,1.90358,3.30585,0.92961,6.19219,0.64944,9.43806,2.53901,4.08347,2.78294,0.11365,-0.1871,0.80416,0.51611,1.21528,0.84566,1.60527,0.3239,0.47442,-0.15629,0.8431,-0.0159,0.17836,0.73592,0.09008,0.51152,0.12113,0.35281,-0.11249,0.70112,0.43339,0.60659,0.30994
